state	fips	year	black_men	total_men	black_women	total_women
US	70	1981	160442	353335	7687	15437
US	70	1982	180844	396439	8766	17923
US	70	1983	191020	418084	9196	19154
US	70	1984	199692	441624	9981	20818
US	70	1985	216344	479277	10793	23099
US	70	1986	234430	518478	12403	26655
US	70	1987	249730	552133	13228	28887
US	70	1988	274570	594996	14892	32604
US	70	1989	315683	671917	19269	40646
US	70	1990	345940	730141	19269	40646
US	70	1991	371864	776550	23381	47583
US	70	1992	399775	833163	24931	50493
US	70	1993	429278	891885	27292	55061
US	70	1994	471583	990434	30089	64340
US	70	1995	510760	1057810	33245	68477
US	70	1996	530140	1105945	35409	74579
US	70	1997	553370	1161766	37084	79196
US	70	1998	577289	1214969	38817	84127
US	70	1999	597462	1270915	40528	90129
US	70	2000	597595	1321127	39505	93948
US	70	2001	597761	1306522	38757	92622
US	70	2002	599704	1332154	38327	96428
US	70	2003	604155	1366263	38306	100865
US	70	2004	608774	1389315	37866	104834
US	70	2005	613017	1419019	36502	107996
US	70	2006	625842	1451014	36860	111923
US	70	2007	638932	1479007	36837	114152
US	70	2008	642330	1485815	35943	112730
US	70	2009	644219	1498583	35038	113338
US	70	2010	635808	1490866	33721	112753
US	70	2011	630651	1485763	31995	111351
US	70	2012	605355	1440346	29394	107067
ST	60	1981	152313	326761	7018	13878
ST	60	1982	171561	368393	8055	16296
ST	60	1983	181335	387912	8435	17400
ST	60	1984	189754	409357	9133	18822
ST	60	1985	204280	441458	9791	20695
ST	60	1986	221708	476903	11261	23822
ST	60	1987	236239	506860	12078	25860
ST	60	1988	260564	548310	13582	29362
ST	60	1989	299287	617181	17573	36211
ST	60	1990	326845	667966	17573	36211
ST	60	1991	351273	710596	21245	41929
ST	60	1992	376471	759303	22472	44094
ST	60	1993	401806	809189	24595	48170
ST	60	1994	440992	902540	27232	57200
ST	60	1995	476590	964958	30360	61079
ST	60	1996	492853	1008101	32373	66879
ST	60	1997	512756	1057099	33912	70890
ST	60	1998	532938	1101114	35321	74941
ST	60	1999	548183	1145582	36759	80216
ST	60	2000	545537	1153831	35820	81140
ST	60	2001	537476	1160502	34765	81649
ST	60	2002	537173	1179860	34354	85194
ST	60	2003	538226	1204839	34311	89230
ST	60	2004	540435	1221151	33851	92670
ST	60	2005	541528	1243823	32535	95574
ST	60	2006	551997	1270943	32946	98948
ST	60	2007	562616	1292727	32965	100814
ST	60	2008	566362	1297808	32187	99457
ST	60	2009	566994	1304090	31329	99713
ST	60	2010	558078	1294644	30006	99204
ST	60	2011	552998	1283301	28435	97451
ST	60	2012	540302	1257787	26478	94510
AK	2	1981	126	972	13	47
AK	2	1982	91	1261	3	45
AK	2	1983	140	1560	7	74
AK	2	1984	151	1888	6	79
AK	2	1985	198	2207	20	122
AK	2	1986	211	2344	10	116
AK	2	1987	217	2408	11	120
AK	2	1988	271	2465	20	123
AK	2	1989	310	2583	19	161
AK	2	1990	288	2494	19	161
AK	2	1991	314	2574	25	132
AK	2	1992	327	2716	28	149
AK	2	1993	313	2581	23	122
AK	2	1994	415	3074	40	218
AK	2	1995	440	3279	41	243
AK	2	1996	486	3446	43	270
AK	2	1997	538	3861	62	304
AK	2	1998	509	3795	47	302
AK	2	1999	467	3765	45	312
AK	2	2000	474	3889	31	284
AK	2	2001	475	4212	48	359
AK	2	2002	459	4049	31	349
AK	2	2003	441	4135	29	392
AK	2	2004	454	4157	28	397
AK	2	2005	452	4347	36	465
AK	2	2006	477	4551	37	518
AK	2	2007	481	4603	50	564
AK	2	2008	465	4511	35	503
AK	2	2009	506	4696	44	589
AK	2	2010	491	4953	37	648
AK	2	2011	505	4932	47	665
AK	2	2012	472	4934	49	699
AL	1	1981	4516	7339	202	318
AL	1	1982	5324	8757	295	476
AL	1	1983	5711	9375	301	481
AL	1	1984	5978	9961	317	521
AL	1	1985	6227	10453	333	562
AL	1	1986	6657	11094	387	616
AL	1	1987	7281	12095	446	732
AL	1	1988	7244	11858	478	752
AL	1	1989	8056	13062	519	845
AL	1	1990	9282	14710	519	845
AL	1	1991	10119	15705	674	1055
AL	1	1992	10660	16352	711	1101
AL	1	1993	11450	17493	729	1131
AL	1	1994	11996	18359	771	1214
AL	1	1995	12715	19423	816	1295
AL	1	1996	13397	20403	839	1357
AL	1	1997	13784	20930	810	1360
AL	1	1998	14080	21215	825	1461
AL	1	1999	15206	23063	934	1670
AL	1	2000	14727	22156	870	1556
AL	1	2001	15384	23680	890	1662
AL	1	2002	16753	26250	838	1697
AL	1	2003	16031	25500	851	1833
AL	1	2004	14903	24129	749	1744
AL	1	2005	15725	25923	761	1965
AL	1	2006	15889	26191	793	2050
AL	1	2007	16690	27254	883	2158
AL	1	2008	17405	28277	935	2231
AL	1	2009	18084	29419	953	2455
AL	1	2010	17550	28846	910	2446
AL	1	2011	17866	29696	852	2574
AL	1	2012	17772	29782	859	2649
AR	5	1981	1567	3197	65	131
AR	5	1982	1919	3748	92	177
AR	5	1983	2073	4048	106	196
AR	5	1984	2178	4276	110	196
AR	5	1985	2153	4394	111	217
AR	5	1986	2238	4477	96	224
AR	5	1987	2536	5179	110	262
AR	5	1988	2646	5224	140	295
AR	5	1989	3126	6036	187	373
AR	5	1990	2948	6381	187	373
AR	5	1991	4171	7329	266	437
AR	5	1992	4449	7821	282	464
AR	5	1993	4642	8130	283	495
AR	5	1994	4612	8063	307	580
AR	5	1995	4841	8857	255	554
AR	5	1996	4873	8859	274	548
AR	5	1997	5222	9410	321	611
AR	5	1998	5421	9942	278	696
AR	5	1999	5572	10520	312	781
AR	5	2000	5772	11143	296	772
AR	5	2001	5892	11742	313	851
AR	5	2002	6093	12237	307	854
AR	5	2003	5866	12273	315	948
AR	5	2004	5702	12565	326	1090
AR	5	2005	5622	12368	334	1126
AR	5	2006	5874	12687	336	1042
AR	5	2007	6140	13248	341	1066
AR	5	2008	6338	13656	325	1060
AR	5	2009	6622	14147	310	1061
AR	5	2010	6903	15040	282	1164
AR	5	2011	6714	14995	268	1114
AR	5	2012	6216	13594	266	1060
AZ	4	1981	970	4986	39	237
AZ	4	1982	951	5788	42	281
AZ	4	1983	1271	6904	62	347
AZ	4	1984	1257	7482	61	363
AZ	4	1985	1297	8134	65	397
AZ	4	1986	1452	8948	95	486
AZ	4	1987	1675	10339	112	609
AZ	4	1988	1775	11381	132	714
AZ	4	1989	2033	12471	164	780
AZ	4	1990	2283	13426	164	780
AZ	4	1991	2432	14476	201	939
AZ	4	1992	2654	15476	234	1001
AZ	4	1993	2865	16774	222	1037
AZ	4	1994	3085	18473	249	1273
AZ	4	1995	3142	19909	246	1432
AZ	4	1996	3172	20978	260	1515
AZ	4	1997	3255	21924	268	1560
AZ	4	1998	3444	23531	295	1780
AZ	4	1999	3539	24131	292	1855
AZ	4	2000	3544	24546	312	1964
AZ	4	2001	3651	25542	348	2168
AZ	4	2002	3720	26931	320	2428
AZ	4	2003	3832	28514	346	2656
AZ	4	2004	3929	29750	333	2765
AZ	4	2005	3992	30575	323	2896
AZ	4	2006	4378	32644	359	3151
AZ	4	2007	4570	34286	403	3460
AZ	4	2008	4808	35739	416	3763
AZ	4	2009	4949	36768	407	3776
AZ	4	2010	4889	36444	412	3686
AZ	4	2011	4970	36401	395	3548
AZ	4	2012	4969	36382	331	3631
CA	6	1981	9765	27775	505	1427
CA	6	1982	11679	32987	547	1653
CA	6	1983	13193	37353	593	2020
CA	6	1984	14007	41018	647	2310
CA	6	1985	16138	47205	816	2906
CA	6	1986	19549	55920	982	3564
CA	6	1987	22184	62823	1200	4152
CA	6	1988	26438	71278	1520	4893
CA	6	1989	30066	81297	2175	6000
CA	6	1990	32190	90807	2175	6000
CA	6	1991	32981	95506	2224	6302
CA	6	1992	34279	102749	2371	6747
CA	6	1993	36461	112370	2643	7581
CA	6	1994	37472	117390	2816	8215
CA	6	1995	39399	126564	3062	9082
CA	6	1996	42300	135942	3453	10107
CA	6	1997	44682	144876	3649	10914
CA	6	1998	46235	148600	3817	11527
CA	6	1999	46578	149513	3751	11174
CA	6	2000	46243	149677	3656	10978
CA	6	2001	44862	147391	3171	9751
CA	6	2002	44807	149899	3027	9796
CA	6	2003	44439	151331	3104	10454
CA	6	2004	44487	152966	3235	10973
CA	6	2005	44975	156573	3285	11462
CA	6	2006	46294	160770	3360	11758
CA	6	2007	46975	162654	3326	11628
CA	6	2008	47123	162050	3377	11620
CA	6	2009	46591	160286	3089	10989
CA	6	2010	44956	155104	2819	9958
CA	6	2011	41209	141382	2269	8187
CA	6	2012	37990	128436	1716	6098
CO	8	1981	560	2691	19	81
CO	8	1982	608	2923	28	119
CO	8	1983	648	3108	37	136
CO	8	1984	640	3091	40	140
CO	8	1985	665	3238	40	131
CO	8	1986	786	3627	57	177
CO	8	1987	959	4565	76	243
CO	8	1988	1229	5488	94	277
CO	8	1989	1492	6513	120	395
CO	8	1990	1525	6586	120	395
CO	8	1991	1801	7939	136	453
CO	8	1992	1912	8470	177	527
CO	8	1993	2152	8920	175	542
CO	8	1994	2364	10047	217	670
CO	8	1995	2496	10350	248	713
CO	8	1996	2747	11593	275	845
CO	8	1997	3030	12512	290	949
CO	8	1998	3059	13242	317	1070
CO	8	1999	3310	14457	360	1213
CO	8	2000	3586	15500	384	1333
CO	8	2001	3641	16073	365	1375
CO	8	2002	3788	17267	362	1566
CO	8	2003	3797	17935	398	1736
CO	8	2004	3797	18393	387	1900
CO	8	2005	3845	19336	388	2120
CO	8	2006	4005	20179	386	2302
CO	8	2007	4066	20506	404	2335
CO	8	2008	4164	20829	395	2315
CO	8	2009	4142	20694	361	2101
CO	8	2010	4083	20763	326	2052
CO	8	2011	3905	19957	307	2021
CO	8	2012	3672	18739	269	1723
CT	9	1981	1973	4414	132	233
CT	9	1982	2509	5575	133	261
CT	9	1983	2340	5193	146	281
CT	9	1984	2444	5431	152	287
CT	9	1985	2620	5826	145	323
CT	9	1986	2890	6510	194	395
CT	9	1987	3070	7059	213	452
CT	9	1988	3541	7455	253	550
CT	9	1989	4172	8654	286	647
CT	9	1990	4818	9817	286	647
CT	9	1991	4856	10317	288	660
CT	9	1992	4897	10693	305	710
CT	9	1993	5873	12697	437	994
CT	9	1994	6175	13381	458	999
CT	9	1995	6406	13826	451	975
CT	9	1996	6396	13874	486	1133
CT	9	1997	7456	15840	603	1401
CT	9	1998	7675	16248	615	1357
CT	9	1999	8042	17180	628	1459
CT	9	2000	7882	16949	579	1406
CT	9	2001	8125	17749	603	1447
CT	9	2002	8526	19026	683	1694
CT	9	2003	8110	18298	556	1548
CT	9	2004	7902	18009	528	1488
CT	9	2005	7764	17953	530	1489
CT	9	2006	8168	18972	559	1594
CT	9	2007	8427	19428	517	1496
CT	9	2008	8398	19159	498	1502
CT	9	2009	7902	18381	410	1335
CT	9	2010	7664	18075	390	1246
CT	9	2011	7180	17090	368	1234
CT	9	2012	6815	16312	376	1218
DC	11	1981	3264	3363	112	116
DC	11	1982	3798	3902	168	179
DC	11	1983	3994	4117	208	227
DC	11	1984	4192	4315	190	206
DC	11	1985	6021	6176	211	228
DC	11	1986	6241	6369	239	249
DC	11	1987	7126	7295	320	350
DC	11	1988	8205	8459	357	372
DC	11	1989	9320	9451	552	588
DC	11	1990	9222	9341	552	588
DC	11	1991	9513	9701	724	754
DC	11	1992	9996	10155	691	720
DC	11	1993	10023	10158	660	687
DC	11	1994	10129	10262	665	687
DC	11	1995	9070	9306	475	494
DC	11	1996	8617	8915	437	461
DC	11	1997	8704	8946	392	407
DC	11	1998	9229	9470	345	359
DC	11	1999	9796	10183	212	221
DC	11	2000	9319	9996	323	356
DC	11	2001	-8	-8	-8	-8
DC	11	2002	-8	-8	-8	-8
DC	11	2003	-8	-8	-8	-8
DC	11	2004	-8	-8	-8	-8
DC	11	2005	-8	-8	-8	-8
DC	11	2006	-8	-8	-8	-8
DC	11	2007	-8	-8	-8	-8
DC	11	2008	-8	-8	-8	-8
DC	11	2009	-8	-8	-8	-8
DC	11	2010	-9	-9	-9	-9
DC	11	2011	-9	-9	-9	-9
DC	11	2012	-9	-9	-9	-9
DE	10	1981	972	1637	49	75
DE	10	1982	1143	1964	66	98
DE	10	1983	1197	2091	69	107
DE	10	1984	1208	2095	68	107
DE	10	1985	1356	2422	87	131
DE	10	1986	1545	2666	104	157
DE	10	1987	1595	2775	99	164
DE	10	1988	1823	3020	114	177
DE	10	1989	2045	3234	153	224
DE	10	1990	2102	3245	153	224
DE	10	1991	2287	3477	162	240
DE	10	1992	2476	3777	189	274
DE	10	1993	2606	3953	194	257
DE	10	1994	2797	4184	199	282
DE	10	1995	2929	4445	228	357
DE	10	1996	3060	4731	220	379
DE	10	1997	3237	5052	244	383
DE	10	1998	3260	5118	261	440
DE	10	1999	4070	6371	356	612
DE	10	2000	3965	6324	360	597
DE	10	2001	4024	6412	337	591
DE	10	2002	3997	6275	304	550
DE	10	2003	3938	6283	273	511
DE	10	2004	3948	6370	292	557
DE	10	2005	3946	6398	266	555
DE	10	2006	4048	6615	260	571
DE	10	2007	4080	6682	254	575
DE	10	2008	4061	6502	248	555
DE	10	2009	3779	6284	206	491
DE	10	2010	3600	5931	162	447
DE	10	2011	3653	6202	187	537
DE	10	2012	3660	6348	186	566
FE	99	1981	8129	26574	669	1559
FE	99	1982	9283	28046	711	1627
FE	99	1983	9685	30172	761	1754
FE	99	1984	9938	32267	848	1996
FE	99	1985	12064	37819	1002	2404
FE	99	1986	12722	41575	1142	2833
FE	99	1987	13491	45273	1150	3027
FE	99	1988	14006	46686	1310	3242
FE	99	1989	16396	54736	1696	4435
FE	99	1990	19095	62175	1696	4435
FE	99	1991	20591	65954	2136	5654
FE	99	1992	23304	73860	2459	6399
FE	99	1993	27472	82696	2697	6891
FE	99	1994	30591	87894	2857	7140
FE	99	1995	34170	92852	2885	7398
FE	99	1996	37287	97844	3036	7700
FE	99	1997	40614	104667	3172	8306
FE	99	1998	44351	113855	3496	9186
FE	99	1999	49279	125333	3769	9913
FE	99	2000	52058	167296	3685	12808
FE	99	2001	60285	146020	3992	10973
FE	99	2002	62531	152294	3973	11234
FE	99	2003	65929	161424	3995	11635
FE	99	2004	68339	168164	4015	12164
FE	99	2005	71489	175196	3967	12422
FE	99	2006	73845	180071	3914	12975
FE	99	2007	76316	186280	3872	13338
FE	99	2008	75968	188007	3756	13273
FE	99	2009	77225	194493	3709	13625
FE	99	2010	77730	196222	3715	13549
FE	99	2011	77653	202462	3560	13900
FE	99	2012	65053	182559	2916	12557
FL	12	1981	10778	22595	573	994
FL	12	1982	12783	26584	688	1246
FL	12	1983	12206	25154	655	1180
FL	12	1984	12533	25764	628	1150
FL	12	1985	13427	27296	715	1304
FL	12	1986	15486	30602	949	1635
FL	12	1987	16074	30764	920	1681
FL	12	1988	17510	32721	869	2011
FL	12	1989	20750	37448	1520	2551
FL	12	1990	23824	41723	1520	2551
FL	12	1991	25607	43895	1578	2638
FL	12	1992	26823	45703	1601	2599
FL	12	1993	29385	50349	1612	2699
FL	12	1994	31335	54100	1788	3068
FL	12	1995	34313	60219	2094	3660
FL	12	1996	33643	60461	1818	3302
FL	12	1997	33958	61207	1813	3419
FL	12	1998	35265	63698	1878	3526
FL	12	1999	35982	65776	1997	3820
FL	12	2000	36147	67214	2029	4105
FL	12	2001	36399	68122	2045	4282
FL	12	2002	37163	70615	2145	4595
FL	12	2003	39920	76847	2289	5165
FL	12	2004	41003	79873	2343	5660
FL	12	2005	42784	83615	2466	6153
FL	12	2006	42930	84101	2466	6310
FL	12	2007	45940	91365	2602	6854
FL	12	2008	43234	85485	1923	5235
FL	12	2009	48786	96632	2661	7283
FL	12	2010	48473	96956	2493	7350
FL	12	2011	47419	95913	2306	7142
FL	12	2012	46833	94945	2197	6985
GA	13	1981	6960	11839	353	605
GA	13	1982	8113	13753	386	663
GA	13	1983	8668	14608	447	750
GA	13	1984	8876	15039	478	769
GA	13	1985	9043	15181	488	833
GA	13	1986	9847	16416	582	947
GA	13	1987	10865	17647	601	928
GA	13	1988	11429	17858	557	929
GA	13	1989	13001	19775	693	1110
GA	13	1990	14025	21125	693	1110
GA	13	1991	15031	22253	900	1391
GA	13	1992	16125	23835	939	1455
GA	13	1993	17713	26023	1142	1760
GA	13	1994	21153	31413	1279	2012
GA	13	1995	21838	32230	1313	2036
GA	13	1996	22206	32900	1412	2239
GA	13	1997	22996	34223	1396	2282
GA	13	1998	24508	36788	1514	2474
GA	13	1999	26271	39484	1541	2607
GA	13	2000	27126	41474	1572	2758
GA	13	2001	27390	42528	1475	2755
GA	13	2002	27777	44316	1676	3129
GA	13	2003	26933	44063	1591	3145
GA	13	2004	31439	47579	2143	3400
GA	13	2005	27503	45856	1408	2893
GA	13	2006	28927	49235	1603	3557
GA	13	2007	31552	50711	1589	3545
GA	13	2008	30972	49027	1693	3687
GA	13	2009	31619	49597	1800	3777
GA	13	2010	28915	45355	1814	3809
GA	13	2011	33230	52027	1862	3917
GA	13	2012	32662	51868	1600	3589
HI	15	1981	41	1158	3	49
HI	15	1982	65	1367	3	69
HI	15	1983	77	1591	12	109
HI	15	1984	74	1858	6	107
HI	15	1985	98	1963	4	148
HI	15	1986	101	2044	11	136
HI	15	1987	109	2110	7	158
HI	15	1988	140	2128	4	172
HI	15	1989	137	2287	10	183
HI	15	1990	132	2362	10	183
HI	15	1991	145	2533	10	167
HI	15	1992	156	2729	12	197
HI	15	1993	152	2923	11	206
HI	15	1994	162	3076	12	257
HI	15	1995	156	3248	8	312
HI	15	1996	187	3626	18	385
HI	15	1997	208	4460	24	518
HI	15	1998	204	4494	16	430
HI	15	1999	192	4380	21	558
HI	15	2000	210	4492	18	561
HI	15	2001	202	4815	19	616
HI	15	2002	226	4754	26	669
HI	15	2003	235	5143	25	685
HI	15	2004	246	5261	26	699
HI	15	2005	246	5414	28	732
HI	15	2006	232	5233	26	734
HI	15	2007	226	5232	21	746
HI	15	2008	223	5227	23	728
HI	15	2009	251	5190	21	701
HI	15	2010	233	5184	17	728
HI	15	2011	232	5304	21	733
HI	15	2012	225	5143	19	688
IA	19	1981	455	2556	35	114
IA	19	1982	487	2708	22	121
IA	19	1983	497	2697	21	117
IA	19	1984	503	2733	19	103
IA	19	1985	545	2716	23	116
IA	19	1986	525	2653	25	124
IA	19	1987	573	2729	26	122
IA	19	1988	629	2894	42	140
IA	19	1989	735	3405	42	179
IA	19	1990	810	3755	42	179
IA	19	1991	885	3949	55	196
IA	19	1992	1000	4275	76	243
IA	19	1993	1121	4617	100	281
IA	19	1994	1271	5086	106	351
IA	19	1995	1362	5481	119	425
IA	19	1996	1457	5872	111	470
IA	19	1997	1569	6410	127	528
IA	19	1998	1671	6903	99	491
IA	19	1999	1627	6693	122	539
IA	19	2000	1719	7363	123	592
IA	19	2001	1688	7327	123	635
IA	19	2002	1710	7695	142	703
IA	19	2003	1726	7830	154	716
IA	19	2004	1726	7768	157	757
IA	19	2005	1826	7937	184	800
IA	19	2006	2101	8048	209	790
IA	19	2007	2026	8015	153	717
IA	19	2008	2060	8017	159	749
IA	19	2009	2073	8090	152	723
IA	19	2010	2266	8675	159	780
IA	19	2011	2266	8378	137	738
IA	19	2012	2097	7949	158	784
ID	16	1981	25	932	1	25
ID	16	1982	28	1026	1	21
ID	16	1983	29	1149	1	43
ID	16	1984	25	1203	2	50
ID	16	1985	31	1293	1	51
ID	16	1986	31	1387	1	61
ID	16	1987	25	1359	0	76
ID	16	1988	23	1497	1	84
ID	16	1989	24	1738	2	112
ID	16	1990	27	1841	2	112
ID	16	1991	29	2022	3	121
ID	16	1992	26	2131	1	125
ID	16	1993	47	2458	2	148
ID	16	1994	35	2639	1	172
ID	16	1995	50	3116	5	212
ID	16	1996	57	3561	6	271
ID	16	1997	59	3648	6	263
ID	16	1998	53	3762	4	321
ID	16	1999	71	4443	7	399
ID	16	2000	74	5042	8	493
ID	16	2001	82	5003	10	541
ID	16	2002	95	5573	12	630
ID	16	2003	90	5295	6	592
ID	16	2004	107	6024	13	756
ID	16	2005	134	6423	16	864
ID	16	2006	135	6347	15	777
ID	16	2007	142	6519	9	800
ID	16	2008	158	6532	13	758
ID	16	2009	171	6656	12	744
ID	16	2010	169	6621	12	810
ID	16	2011	183	6854	8	885
ID	16	2012	200	6977	14	1008
IL	17	1981	7958	12803	259	403
IL	17	1982	8345	13806	309	487
IL	17	1983	9140	15038	185	557
IL	17	1984	9814	16479	400	635
IL	17	1985	10721	17961	411	673
IL	17	1986	11103	18692	474	764
IL	17	1987	11422	19071	474	779
IL	17	1988	11975	20182	541	899
IL	17	1989	14276	23693	605	1019
IL	17	1990	16220	26333	605	1019
IL	17	1991	17501	27858	805	1257
IL	17	1992	19444	30184	950	1456
IL	17	1993	21428	32807	1107	1688
IL	17	1994	22794	34718	1214	1813
IL	17	1995	23153	35462	1483	2196
IL	17	1996	23751	36603	1570	2249
IL	17	1997	24841	38358	1681	2430
IL	17	1998	26374	40405	1846	2646
IL	17	1999	27204	41858	1911	2802
IL	17	2000	27271	42432	1868	2849
IL	17	2001	26510	41601	1791	2747
IL	17	2002	25034	40173	1546	2520
IL	17	2003	24765	40718	1556	2700
IL	17	2004	24949	41304	1572	2750
IL	17	2005	25522	42194	1440	2725
IL	17	2006	25809	42639	1374	2713
IL	17	2007	25284	42391	1503	2824
IL	17	2008	25358	42753	1393	2721
IL	17	2009	25043	42571	1256	2590
IL	17	2010	26457	45496	1341	2922
IL	17	2011	26375	45562	1266	2865
IL	17	2012	26975	46599	1215	2749
IN	18	1981	2659	7736	136	286
IN	18	1982	2901	8440	166	350
IN	18	1983	3062	8907	185	389
IN	18	1984	3071	8933	189	395
IN	18	1985	3249	9453	215	451
IN	18	1986	3216	9771	193	404
IN	18	1987	3192	10336	216	491
IN	18	1988	3367	10904	221	502
IN	18	1989	4488	11717	216	624
IN	18	1990	4566	12055	216	624
IN	18	1991	4687	12302	284	706
IN	18	1992	5255	13207	312	738
IN	18	1993	5565	13692	341	778
IN	18	1994	5909	14188	333	826
IN	18	1995	6484	15233	362	892
IN	18	1996	6769	15952	390	1008
IN	18	1997	7262	16832	445	1071
IN	18	1998	7629	17999	480	1198
IN	18	1999	7728	18087	484	1222
IN	18	2000	7754	18673	569	1452
IN	18	2001	8005	19424	602	1542
IN	18	2002	8147	20028	590	1583
IN	18	2003	8356	21311	623	1758
IN	18	2004	8778	22116	625	1892
IN	18	2005	8629	22571	561	1884
IN	18	2006	9291	23924	658	2167
IN	18	2007	8612	21319	640	2108
IN	18	2008	10127	25829	738	2493
IN	18	2009	10114	26302	677	2506
IN	18	2010	9687	25522	593	2506
IN	18	2011	10057	26406	535	2500
IN	18	2012	9737	26265	497	2566
KS	20	1981	882	2625	52	145
KS	20	1982	1028	2918	67	160
KS	20	1983	1249	3500	87	205
KS	20	1984	1395	4009	102	235
KS	20	1985	1556	4459	122	273
KS	20	1986	1681	5048	138	297
KS	20	1987	1829	5505	119	276
KS	20	1988	1857	5540	120	277
KS	20	1989	1757	5370	99	246
KS	20	1990	1876	5491	99	246
KS	20	1991	2014	5610	131	293
KS	20	1992	2112	5706	152	322
KS	20	1993	2099	5452	124	275
KS	20	1994	2356	6027	153	344
KS	20	1995	2581	6605	198	449
KS	20	1996	2771	7280	203	476
KS	20	1997	2830	7435	198	476
KS	20	1998	2851	7660	199	523
KS	20	1999	2878	7997	223	570
KS	20	2000	2803	7840	183	504
KS	20	2001	2839	8080	180	497
KS	20	2002	2924	8398	202	537
KS	20	2003	2869	8503	204	629
KS	20	2004	2787	8346	177	620
KS	20	2005	2757	8394	212	674
KS	20	2006	2699	8178	185	638
KS	20	2007	2678	8071	191	625
KS	20	2008	2654	7970	148	569
KS	20	2009	2708	8076	148	565
KS	20	2010	2828	8428	165	623
KS	20	2011	2900	8647	199	680
KS	20	2012	2924	8952	186	730
KY	21	1981	1139	4067	32	100
KY	21	1982	1061	3929	58	148
KY	21	1983	1368	4559	118	193
KY	21	1984	1523	4617	74	203
KY	21	1985	1520	4751	72	224
KY	21	1986	1645	5067	88	221
KY	21	1987	1702	5246	90	225
KY	21	1988	2058	6771	121	348
KY	21	1989	2356	7842	170	447
KY	21	1990	2563	8544	170	447
KY	21	1991	2929	9286	194	513
KY	21	1992	3140	9819	212	545
KY	21	1993	3275	9895	228	545
KY	21	1994	3746	10429	299	637
KY	21	1995	4109	11326	307	734
KY	21	1996	4451	12090	339	820
KY	21	1997	5176	13548	410	1052
KY	21	1998	5166	13941	408	1046
KY	21	1999	5335	14130	449	1093
KY	21	2000	4850	13855	381	1052
KY	21	2001	4738	14286	336	1138
KY	21	2002	4767	14642	326	1281
KY	21	2003	4797	14991	339	1343
KY	21	2004	5096	16231	325	1559
KY	21	2005	5432	17658	384	2004
KY	21	2006	5519	17990	383	2068
KY	21	2007	6192	20016	446	2441
KY	21	2008	5960	19436	391	2270
KY	21	2009	5746	19343	343	2295
KY	21	2010	5165	18406	273	2138
KY	21	2011	5036	19091	274	2454
KY	21	2012	4926	19425	273	2685
LA	22	1981	6529	9071	234	344
LA	22	1982	7574	10519	299	416
LA	22	1983	8841	12279	384	533
LA	22	1984	9397	13051	438	608
LA	22	1985	9562	13280	470	610
LA	22	1986	9845	13673	483	627
LA	22	1987	10585	14702	519	673
LA	22	1988	11213	15573	516	669
LA	22	1989	11922	16559	538	698
LA	22	1990	12830	17824	538	698
LA	22	1991	14135	19092	699	911
LA	22	1992	15303	19874	787	1022
LA	22	1993	16424	21354	777	1114
LA	22	1994	17593	22768	935	1295
LA	22	1995	18439	23771	1009	1424
LA	22	1996	19561	25218	1106	1561
LA	22	1997	21085	27397	1275	1868
LA	22	1998	23149	30048	1472	2180
LA	22	1999	23475	30711	1506	2230
LA	22	2000	25374	32988	1502	2219
LA	22	2001	25165	33448	1777	2362
LA	22	2002	25421	33634	1576	2398
LA	22	2003	24794	33642	1773	2405
LA	22	2004	25120	34553	1403	2386
LA	22	2005	26071	36463	1425	2576
LA	22	2006	24627	33999	1239	2377
LA	22	2007	25097	35082	1219	2458
LA	22	2008	25703	35865	1287	2516
LA	22	2009	26378	37164	1326	2616
LA	22	2010	26294	37037	1227	2408
LA	22	2011	26250	37326	1179	2384
LA	22	2012	26454	37783	1120	2389
MA	25	1981	1264	3697	65	192
MA	25	1982	1487	4406	67	217
MA	25	1983	1410	4244	86	238
MA	25	1984	1540	4619	97	264
MA	25	1985	1740	5079	109	311
MA	25	1986	1721	5310	90	326
MA	25	1987	2001	5859	91	409
MA	25	1988	2215	6310	110	447
MA	25	1989	2657	7026	113	498
MA	25	1990	2895	7691	113	498
MA	25	1991	2899	8525	137	630
MA	25	1992	3062	9489	113	564
MA	25	1993	2883	9381	139	653
MA	25	1994	2866	10690	117	706
MA	25	1995	2718	11031	117	656
MA	25	1996	3328	11046	153	750
MA	25	1997	3290	11214	158	733
MA	25	1998	3223	11053	161	746
MA	25	1999	3034	10614	145	742
MA	25	2000	2837	10059	163	663
MA	25	2001	2721	9875	124	713
MA	25	2002	2708	9625	114	704
MA	25	2003	2620	9524	118	708
MA	25	2004	2561	9403	119	741
MA	25	2005	2720	9913	129	788
MA	25	2006	2812	10186	149	846
MA	25	2007	3073	10646	126	790
MA	25	2008	3057	10657	120	751
MA	25	2009	3062	10597	120	719
MA	25	2010	3081	10547	125	772
MA	25	2011	3162	10832	120	791
MA	25	2012	3052	10549	106	759
MD	24	1981	6527	9031	234	304
MD	24	1982	7697	10646	276	366
MD	24	1983	8898	12208	298	409
MD	24	1984	9157	12683	303	441
MD	24	1985	9093	12594	277	411
MD	24	1986	9333	12882	304	444
MD	24	1987	9382	13010	327	457
MD	24	1988	10031	13760	352	516
MD	24	1989	11674	15786	537	728
MD	24	1990	13135	16971	537	728
MD	24	1991	13946	18360	692	931
MD	24	1992	14570	19023	690	954
MD	24	1993	14816	19288	723	976
MD	24	1994	15454	19959	739	1039
MD	24	1995	15879	20374	758	1079
MD	24	1996	16349	20995	765	1055
MD	24	1997	16423	21124	773	1108
MD	24	1998	16690	21432	805	1140
MD	24	1999	17183	21982	782	1113
MD	24	2000	17481	22319	873	1219
MD	24	2001	17504	22545	885	1207
MD	24	2002	17834	22898	902	1264
MD	24	2003	17375	22543	877	1248
MD	24	2004	16916	22105	793	1180
MD	24	2005	16494	21640	749	1097
MD	24	2006	16686	21864	705	1081
MD	24	2007	16446	22249	728	1184
MD	24	2008	16666	22264	658	1060
MD	24	2009	15948	21206	639	1049
MD	24	2010	16082	21686	542	959
MD	24	2011	15863	21576	562	982
MD	24	2012	15076	20646	476	876
ME	23	1981	14	966	1	26
ME	23	1982	16	967	1	32
ME	23	1983	14	1049	0	33
ME	23	1984	16	1005	0	27
ME	23	1985	15	1194	0	32
ME	23	1986	11	1289	0	27
ME	23	1987	15	1302	0	26
ME	23	1988	15	1241	1	36
ME	23	1989	16	1409	1	46
ME	23	1990	29	1479	1	46
ME	23	1991	34	1517	3	62
ME	23	1992	29	1459	4	60
ME	23	1993	34	1419	3	50
ME	23	1994	25	1426	4	48
ME	23	1995	26	1360	4	36
ME	23	1996	-9	1378	-9	48
ME	23	1997	56	1558	2	62
ME	23	1998	56	1678	1	103
ME	23	1999	60	1646	2	64
ME	23	2000	46	1622	2	70
ME	23	2001	47	1645	3	59
ME	23	2002	62	1810	2	90
ME	23	2003	91	1889	5	124
ME	23	2004	111	1899	5	125
ME	23	2005	112	1894	3	129
ME	23	2006	122	1975	4	145
ME	23	2007	122	2009	5	139
ME	23	2008	111	2039	6	156
ME	23	2009	108	2048	2	158
ME	23	2010	142	1988	5	166
ME	23	2011	133	1981	4	164
ME	23	2012	140	1944	7	164
MI	26	1981	8070	14527	445	630
MI	26	1982	8201	14560	446	664
MI	26	1983	7799	13729	465	653
MI	26	1984	7850	13921	484	683
MI	26	1985	9497	16941	579	814
MI	26	1986	11174	19724	696	1018
MI	26	1987	12674	22696	802	1183
MI	26	1988	14939	26279	875	1333
MI	26	1989	17290	30053	1029	1586
MI	26	1990	18616	32579	1029	1586
MI	26	1991	19930	34689	1055	1734
MI	26	1992	21272	37271	1129	1842
MI	26	1993	21026	37520	1073	1798
MI	26	1994	21686	38610	1201	2021
MI	26	1995	21859	39270	1081	1842
MI	26	1996	22493	40429	1093	1920
MI	26	1997	23763	42715	1173	2056
MI	26	1998	24186	43827	1150	2052
MI	26	1999	24476	44590	1126	2027
MI	26	2000	25076	45587	1139	2131
MI	26	2001	25597	46700	1156	2149
MI	26	2002	26273	48324	1181	2267
MI	26	2003	25169	47160	1109	2198
MI	26	2004	24728	46770	1033	2113
MI	26	2005	24904	47435	977	2111
MI	26	2006	25803	49407	999	2170
MI	26	2007	25143	48153	943	2080
MI	26	2008	25822	48968	897	1957
MI	26	2009	23413	43723	785	1755
MI	26	2010	22971	42244	827	1869
MI	26	2011	22137	40995	832	1909
MI	26	2012	22639	41605	833	1989
MN	27	1981	407	1968	14	56
MN	27	1982	411	2008	19	73
MN	27	1983	450	2046	12	67
MN	27	1984	459	2088	21	79
MN	27	1985	480	2252	22	91
MN	27	1986	514	2365	24	97
MN	27	1987	576	2431	38	115
MN	27	1988	707	2671	50	128
MN	27	1989	795	2944	59	159
MN	27	1990	838	3017	59	159
MN	27	1991	991	3299	60	173
MN	27	1992	1126	3634	64	188
MN	27	1993	1335	4008	69	192
MN	27	1994	1458	4338	93	237
MN	27	1995	1620	4629	85	217
MN	27	1996	1758	4924	83	234
MN	27	1997	1858	5068	106	258
MN	27	1998	1981	5284	107	288
MN	27	1999	2112	5614	111	355
MN	27	2000	2157	5870	108	368
MN	27	2001	2310	6223	102	383
MN	27	2002	2392	6674	125	455
MN	27	2003	2524	7592	111	473
MN	27	2004	2650	8214	123	544
MN	27	2005	2792	8716	135	604
MN	27	2006	2770	8546	124	562
MN	27	2007	2966	8866	132	602
MN	27	2008	3102	8778	140	628
MN	27	2009	3401	9312	130	674
MN	27	2010	3346	9158	128	638
MN	27	2011	3355	9156	130	644
MN	27	2012	3339	9228	134	710
MO	29	1981	2865	6224	109	265
MO	29	1982	2820	7051	138	394
MO	29	1983	2728	7793	193	482
MO	29	1984	2949	8425	142	355
MO	29	1985	3766	9415	152	381
MO	29	1986	3942	9856	181	453
MO	29	1987	4240	10599	219	547
MO	29	1988	5369	11546	292	630
MO	29	1989	6129	13203	324	718
MO	29	1990	6531	14166	324	718
MO	29	1991	6941	15076	376	821
MO	29	1992	7282	15270	444	919
MO	29	1993	7284	15258	444	920
MO	29	1994	8125	16856	505	1042
MO	29	1995	8626	17960	571	1174
MO	29	1996	9665	20539	657	1464
MO	29	1997	10225	22305	743	1693
MO	29	1998	10450	23094	793	1880
MO	29	1999	10971	24345	781	2005
MO	29	2000	11112	25397	738	1988
MO	29	2001	11302	26633	739	2124
MO	29	2002	11775	27825	775	2274
MO	29	2003	11867	28078	689	2241
MO	29	2004	11950	28672	747	2516
MO	29	2005	11921	28311	686	2511
MO	29	2006	11419	27584	718	2577
MO	29	2007	11356	27355	696	2522
MO	29	2008	11524	27737	638	2449
MO	29	2009	11650	28136	623	2427
MO	29	2010	11397	28163	572	2460
MO	29	2011	11319	28258	568	2575
MO	29	2012	11229	28544	563	2703
MS	28	1981	2736	4475	93	149
MS	28	1982	3565	5298	109	186
MS	28	1983	3605	5381	127	205
MS	28	1984	3833	5855	169	260
MS	28	1985	4156	6103	168	289
MS	28	1986	4432	6443	191	304
MS	28	1987	4542	6557	220	323
MS	28	1988	4898	7030	242	354
MS	28	1989	5221	7509	260	402
MS	28	1990	5663	7927	260	402
MS	28	1991	6055	8396	355	508
MS	28	1992	6069	8275	353	505
MS	28	1993	6945	9330	396	577
MS	28	1994	7693	10282	454	648
MS	28	1995	8852	11893	536	791
MS	28	1996	9726	12968	601	891
MS	28	1997	9946	13334	717	962
MS	28	1998	11643	15465	799	1213
MS	28	1999	12707	16842	915	1405
MS	28	2000	13662	18572	1067	1669
MS	28	2001	14179	19637	1107	1823
MS	28	2002	13052	18262	990	1661
MS	28	2003	14727	21019	1189	2163
MS	28	2004	13434	19187	959	1796
MS	28	2005	13162	18729	913	1786
MS	28	2006	13451	19279	916	1789
MS	28	2007	14308	20469	992	1961
MS	28	2008	14528	20773	1011	1981
MS	28	2009	13610	19747	822	1735
MS	28	2010	13351	19542	678	1525
MS	28	2011	13510	19808	668	1578
MS	28	2012	13956	20646	719	1673
MT	30	1981	21	807	0	24
MT	30	1982	18	885	0	29
MT	30	1983	14	879	0	24
MT	30	1984	14	929	0	36
MT	30	1985	16	1090	0	39
MT	30	1986	16	1069	0	42
MT	30	1987	22	1140	0	47
MT	30	1988	17	1214	0	58
MT	30	1989	24	1264	1	64
MT	30	1990	20	1349	1	64
MT	30	1991	19	1405	1	73
MT	30	1992	24	1417	1	81
MT	30	1993	27	1474	0	67
MT	30	1994	32	1671	1	93
MT	30	1995	36	1887	1	112
MT	30	1996	51	2142	0	151
MT	30	1997	33	2350	2	167
MT	30	1998	48	2486	1	248
MT	30	1999	48	2692	1	262
MT	30	2000	45	2799	3	306
MT	30	2001	59	2965	4	363
MT	30	2002	69	2978	4	345
MT	30	2003	64	3201	6	419
MT	30	2004	77	3404	4	473
MT	30	2005	73	3155	1	354
MT	30	2006	80	3188	1	359
MT	30	2007	87	3133	1	298
MT	30	2008	99	3218	4	361
MT	30	2009	86	3214	7	391
MT	30	2010	100	3291	3	425
MT	30	2011	81	3274	1	404
MT	30	2012	93	3210	0	399
NC	37	1981	8052	15155	328	636
NC	37	1982	8485	15884	358	694
NC	37	1983	8022	14806	298	589
NC	37	1984	8500	15669	382	702
NC	37	1985	8930	16597	411	747
NC	37	1986	9133	16868	427	830
NC	37	1987	8983	16410	428	808
NC	37	1988	9256	16295	424	783
NC	37	1989	9673	16611	456	843
NC	37	1990	10500	17466	456	843
NC	37	1991	10939	17882	583	1021
NC	37	1992	12167	19504	577	950
NC	37	1993	13288	20772	689	1120
NC	37	1994	14674	22465	723	1183
NC	37	1995	18104	27501	1062	1752
NC	37	1996	18919	28779	1092	1868
NC	37	1997	19346	29752	1072	1860
NC	37	1998	19290	30023	1065	1938
NC	37	1999	18691	29235	967	1880
NC	37	2000	18935	29624	982	1908
NC	37	2001	19043	30211	987	2042
NC	37	2002	19043	30711	987	2042
NC	37	2003	19239	31366	1049	2256
NC	37	2004	19997	33004	1062	2430
NC	37	2005	20312	33816	1051	2589
NC	37	2006	20660	34774	1068	2686
NC	37	2007	20850	35363	1051	2626
NC	37	2008	21505	36704	1102	2778
NC	37	2009	21607	37045	1099	2808
NC	37	2010	21764	37297	1059	2819
NC	37	2011	21352	36800	1002	2640
NC	37	2012	19838	34675	861	2461
ND	38	1981	2	277	0	3
ND	38	1982	7	312	0	10
ND	38	1983	7	400	1	10
ND	38	1984	7	420	1	12
ND	38	1985	4	413	1	9
ND	38	1986	6	410	0	11
ND	38	1987	4	423	0	7
ND	38	1988	7	458	0	8
ND	38	1989	4	430	0	21
ND	38	1990	5	463	0	21
ND	38	1991	4	461	0	31
ND	38	1992	7	463	1	14
ND	38	1993	12	477	0	21
ND	38	1994	18	520	0	16
ND	38	1995	18	579	0	29
ND	38	1996	22	677	1	45
ND	38	1997	19	735	1	62
ND	38	1998	30	846	1	69
ND	38	1999	38	873	1	70
ND	38	2000	45	1008	0	68
ND	38	2001	49	1010	1	110
ND	38	2002	49	1009	4	103
ND	38	2003	52	1126	4	113
ND	38	2004	50	1198	4	129
ND	38	2005	63	1230	3	155
ND	38	2006	73	1224	1	165
ND	38	2007	84	1267	1	147
ND	38	2008	84	1292	2	160
ND	38	2009	96	1312	2	174
ND	38	2010	102	1308	3	179
ND	38	2011	88	1276	2	147
ND	38	2012	87	1341	6	171
NE	31	1981	509	1589	24	64
NE	31	1982	512	1628	26	81
NE	31	1983	515	1571	23	58
NE	31	1984	502	1582	30	72
NE	31	1985	524	1744	29	70
NE	31	1986	539	1868	31	85
NE	31	1987	547	1991	34	95
NE	31	1988	593	2059	38	97
NE	31	1989	711	2250	58	143
NE	31	1990	727	2258	58	143
NE	31	1991	773	2357	57	138
NE	31	1992	787	2341	73	173
NE	31	1993	796	2349	78	169
NE	31	1994	831	2535	67	176
NE	31	1995	896	2863	83	211
NE	31	1996	931	3062	86	225
NE	31	1997	932	3180	76	222
NE	31	1998	908	3427	71	249
NE	31	1999	896	3447	65	241
NE	31	2000	920	3629	68	266
NE	31	2001	914	3595	75	342
NE	31	2002	937	3706	76	352
NE	31	2003	918	3717	64	323
NE	31	2004	944	3761	59	369
NE	31	2005	1019	4032	67	423
NE	31	2006	1020	3994	75	413
NE	31	2007	1074	4106	75	389
NE	31	2008	1133	4130	66	390
NE	31	2009	1106	4108	73	366
NE	31	2010	1117	4176	88	411
NE	31	2011	1163	4247	76	369
NE	31	2012	1197	4352	70	353
NH	33	1981	5	391	0	7
NH	33	1982	7	435	0	10
NH	33	1983	12	465	0	14
NH	33	1984	10	567	1	14
NH	33	1985	11	665	3	18
NH	33	1986	21	760	2	22
NH	33	1987	21	849	3	18
NH	33	1988	32	995	2	24
NH	33	1989	46	1128	1	38
NH	33	1990	56	1298	1	38
NH	33	1991	79	1460	1	73
NH	33	1992	78	1698	1	79
NH	33	1993	73	1689	3	86
NH	33	1994	97	1911	4	110
NH	33	1995	121	1907	8	107
NH	33	1996	110	1957	5	105
NH	33	1997	117	2055	3	109
NH	33	1998	108	2053	7	116
NH	33	1999	115	2140	8	117
NH	33	2000	98	2137	4	120
NH	33	2001	118	2263	5	129
NH	33	2002	130	2307	5	144
NH	33	2003	120	2317	6	117
NH	33	2004	123	2329	9	119
NH	33	2005	132	2338	6	147
NH	33	2006	155	2633	10	172
NH	33	2007	166	2741	11	202
NH	33	2008	162	2670	8	234
NH	33	2009	159	2564	11	167
NH	33	2010	162	2560	9	201
NH	33	2011	139	2444	6	170
NH	33	2012	156	2583	5	207
NJ	34	1981	4267	6725	188	286
NJ	34	1982	4878	7867	217	324
NJ	34	1983	5659	8850	228	342
NJ	34	1984	6628	9995	245	368
NJ	34	1985	7238	10947	245	388
NJ	34	1986	7542	11603	267	417
NJ	34	1987	8697	13178	319	484
NJ	34	1988	9393	16232	412	704
NJ	34	1989	11448	18553	531	886
NJ	34	1990	12856	20087	531	886
NJ	34	1991	14226	22376	779	1107
NJ	34	1992	14038	21558	709	1095
NJ	34	1993	14885	22698	786	1133
NJ	34	1994	15256	23464	811	1168
NJ	34	1995	16668	25759	877	1307
NJ	34	1996	16991	26209	866	1281
NJ	34	1997	17653	26957	919	1404
NJ	34	1998	19205	29468	1118	1653
NJ	34	1999	19196	29631	1215	1862
NJ	34	2000	17691	28134	1025	1650
NJ	34	2001	16836	26514	1005	1628
NJ	34	2002	16722	26305	990	1586
NJ	34	2003	16319	25729	946	1517
NJ	34	2004	15928	25287	856	1470
NJ	34	2005	16134	25910	824	1449
NJ	34	2006	15997	25943	808	1428
NJ	34	2007	15705	25417	763	1410
NJ	34	2008	15199	24654	711	1299
NJ	34	2009	14902	24176	665	1206
NJ	34	2010	14786	23871	613	1136
NJ	34	2011	14005	22762	549	1072
NJ	34	2012	13577	22164	538	1061
NM	35	1981	157	1407	3	90
NM	35	1982	190	1635	7	83
NM	35	1983	247	1906	9	71
NM	35	1984	244	2044	11	85
NM	35	1985	230	2187	9	126
NM	35	1986	205	2273	10	143
NM	35	1987	257	2558	15	152
NM	35	1988	284	2675	13	150
NM	35	1989	312	2768	16	164
NM	35	1990	295	2994	16	164
NM	35	1991	300	2959	16	160
NM	35	1992	339	3087	26	184
NM	35	1993	367	3292	28	206
NM	35	1994	402	3521	27	191
NM	35	1995	444	3800	46	278
NM	35	1996	495	4346	65	378
NM	35	1997	488	4314	57	374
NM	35	1998	506	4670	54	315
NM	35	1999	533	4805	49	369
NM	35	2000	490	4831	65	511
NM	35	2001	511	5151	58	517
NM	35	2002	526	5473	63	516
NM	35	2003	585	5647	55	576
NM	35	2004	549	5798	58	581
NM	35	2005	515	5905	61	666
NM	35	2006	532	5972	57	667
NM	35	2007	519	5890	45	576
NM	35	2008	487	5754	46	568
NM	35	2009	492	5775	44	599
NM	35	2010	472	6059	46	600
NM	35	2011	505	6276	55	630
NM	35	2012	485	6010	47	630
NV	32	1981	547	2030	44	86
NV	32	1982	594	2565	55	147
NV	32	1983	935	3024	81	164
NV	32	1984	1103	3260	104	228
NV	32	1985	1123	3512	117	259
NV	32	1986	1300	4069	134	298
NV	32	1987	1245	4153	104	281
NV	32	1988	1421	4539	118	342
NV	32	1989	1351	4674	159	438
NV	32	1990	1529	4916	159	438
NV	32	1991	1567	5071	152	432
NV	32	1992	1622	5611	144	438
NV	32	1993	1709	5755	114	383
NV	32	1994	1861	6552	128	441
NV	32	1995	1954	7183	163	530
NV	32	1996	2127	7841	165	598
NV	32	1997	2208	8329	199	695
NV	32	1998	2435	8908	222	743
NV	32	1999	2460	8794	221	736
NV	32	2000	2526	9217	236	846
NV	32	2001	2567	9392	224	841
NV	32	2002	2555	9627	215	851
NV	32	2003	2555	9663	215	880
NV	32	2004	2794	10487	218	878
NV	32	2005	2858	10780	225	942
NV	32	2006	3237	11709	252	1130
NV	32	2007	3378	12219	263	1179
NV	32	2008	3424	11761	240	982
NV	32	2009	3351	11533	216	949
NV	32	2010	3388	11689	223	963
NV	32	2011	3466	11811	210	967
NV	32	2012	3399	11845	220	1038
NY	36	1981	12961	24830	446	769
NY	36	1982	14217	27133	478	818
NY	36	1983	15515	29698	485	843
NY	36	1984	16365	32091	551	1018
NY	36	1985	16958	33656	539	1056
NY	36	1986	18844	37123	700	1326
NY	36	1987	19576	39355	735	1487
NY	36	1988	21495	42800	825	1760
NY	36	1989	24112	48762	1137	2465
NY	36	1990	26026	52204	1137	2465
NY	36	1991	27438	54494	1713	3368
NY	36	1992	29314	58237	1812	3499
NY	36	1993	33221	61041	2054	3528
NY	36	1994	34218	63175	1965	3575
NY	36	1995	34953	64874	1958	3615
NY	36	1996	35501	65981	2100	3728
NY	36	1997	35394	65539	2094	3569
NY	36	1998	36079	66499	2205	3502
NY	36	1999	36963	67964	2248	3508
NY	36	2000	33972	66875	1747	3278
NY	36	2001	32603	64261	1648	3133
NY	36	2002	32000	63749	1566	2996
NY	36	2003	31133	62284	1457	2913
NY	36	2004	30747	60910	1332	2787
NY	36	2005	30606	59930	1314	2802
NY	36	2006	31048	60445	1314	2859
NY	36	2007	30826	59848	1260	2754
NY	36	2008	29918	57792	1170	2587
NY	36	2009	28821	56198	1085	2489
NY	36	2010	27658	54438	970	2218
NY	36	2011	26525	53124	937	2312
NY	36	2012	25940	51963	965	2247
OH	39	1981	6784	14205	445	763
OH	39	1982	7814	16417	508	900
OH	39	1983	8427	17030	561	977
OH	39	1984	8271	17601	562	1018
OH	39	1985	8904	19711	649	1153
OH	39	1986	10415	21250	693	1213
OH	39	1987	10576	22365	762	1288
OH	39	1988	12196	24885	940	1577
OH	39	1989	14557	28543	1217	1995
OH	39	1990	15535	29875	1217	1995
OH	39	1991	17896	33451	1415	2293
OH	39	1992	19166	35959	1495	2419
OH	39	1993	20665	38057	1561	2584
OH	39	1994	21562	40518	1573	2556
OH	39	1995	22739	41870	1617	2793
OH	39	1996	23516	43369	1573	2805
OH	39	1997	24344	45174	1594	2842
OH	39	1998	24216	45538	1582	2912
OH	39	1999	23111	44001	1496	2841
OH	39	2000	22175	43025	1429	2808
OH	39	2001	21778	42452	1417	2829
OH	39	2002	21530	42717	1356	2929
OH	39	2003	20815	41881	1234	2897
OH	39	2004	20390	41613	1284	3185
OH	39	2005	20616	42594	1222	3260
OH	39	2006	22051	45465	1313	3701
OH	39	2007	22871	46909	1246	3822
OH	39	2008	23437	47773	1298	3913
OH	39	2009	23347	47617	1253	3989
OH	39	2010	23247	47720	1152	3992
OH	39	2011	22829	47061	1102	3903
OH	39	2012	22445	47008	1040	3868
OK	40	1981	1380	5006	102	275
OK	40	1982	1601	6024	106	326
OK	40	1983	1959	7072	98	356
OK	40	1984	2124	7400	142	472
OK	40	1985	2271	7823	163	507
OK	40	1986	2621	8917	236	679
OK	40	1987	2675	8945	264	694
OK	40	1988	3003	9717	284	731
OK	40	1989	3457	10633	404	975
OK	40	1990	3793	11214	404	975
OK	40	1991	4090	12104	562	1236
OK	40	1992	4644	13421	651	1400
OK	40	1993	5066	14827	718	1582
OK	40	1994	5334	15024	718	1607
OK	40	1995	5796	16336	750	1815
OK	40	1996	6123	17653	768	1940
OK	40	1997	6310	18489	787	2053
OK	40	1998	6338	18801	781	2091
OK	40	1999	6593	20077	823	2316
OK	40	2000	6575	20787	761	2394
OK	40	2001	6225	20490	673	2290
OK	40	2002	6053	20464	590	2238
OK	40	2003	5811	20348	576	2293
OK	40	2004	6010	20958	583	2361
OK	40	2005	6063	21287	612	2370
OK	40	2006	6482	21886	619	2402
OK	40	2007	6805	22141	632	2462
OK	40	2008	6963	22165	682	2495
OK	40	2009	7035	22230	632	2573
OK	40	2010	6912	22408	585	2504
OK	40	2011	6772	22053	525	2369
OK	40	2012	6788	22728	510	2497
OR	41	1981	319	3192	21	103
OR	41	1982	425	3730	29	137
OR	41	1983	404	3797	43	144
OR	41	1984	399	4054	35	170
OR	41	1985	462	4265	41	189
OR	41	1986	529	4532	43	238
OR	41	1987	670	5175	58	307
OR	41	1988	703	5644	62	347
OR	41	1989	872	6314	80	430
OR	41	1990	811	6130	80	430
OR	41	1991	849	6323	74	409
OR	41	1992	855	6244	56	339
OR	41	1993	817	6217	55	340
OR	41	1994	823	6557	51	379
OR	41	1995	938	7421	61	465
OR	41	1996	981	8090	82	571
OR	41	1997	940	7549	70	450
OR	41	1998	1046	8404	90	523
OR	41	1999	1043	9276	95	584
OR	41	2000	1040	9984	89	596
OR	41	2001	1176	10749	75	661
OR	41	2002	1197	11273	69	812
OR	41	2003	1196	11825	73	883
OR	41	2004	1207	12195	78	985
OR	41	2005	1227	12397	88	1015
OR	41	2006	1297	12741	92	1023
OR	41	2007	1265	12888	89	1060
OR	41	2008	1286	13058	90	1109
OR	41	2009	1314	13278	88	1125
OR	41	2010	1348	13383	83	1131
OR	41	2011	1302	13387	77	1123
OR	41	2012	1318	13609	90	1231
PA	42	1981	4927	9053	161	312
PA	42	1982	5616	10180	185	342
PA	42	1983	6305	11370	216	397
PA	42	1984	7064	12615	288	475
PA	42	1985	7731	13727	304	500
PA	42	1986	8268	14610	337	591
PA	42	1987	8817	15588	389	679
PA	42	1988	9785	17133	459	767
PA	42	1989	10975	19525	550	944
PA	42	1990	11672	21284	550	944
PA	42	1991	12510	22300	580	1088
PA	42	1992	13542	23868	614	1106
PA	42	1993	14068	24856	638	1194
PA	42	1994	17828	26980	814	1322
PA	42	1995	17563	30925	796	1485
PA	42	1996	18772	33060	793	1477
PA	42	1997	19108	33540	739	1424
PA	42	1998	19656	34860	757	1517
PA	42	1999	19623	34907	802	1618
PA	42	2000	19596	35268	779	1579
PA	42	2001	19991	36351	796	1711
PA	42	2002	20777	38347	780	1821
PA	42	2003	20788	39067	704	1823
PA	42	2004	20544	39136	686	1827
PA	42	2005	20916	40351	684	2029
PA	42	2006	21545	42148	746	2249
PA	42	2007	22157	43506	853	2463
PA	42	2008	23452	46538	901	2769
PA	42	2009	24501	48601	940	2828
PA	42	2010	24493	48552	854	2712
PA	42	2011	24625	48795	875	2783
PA	42	2012	24172	48380	835	2745
RI	44	1981	239	937	7	25
RI	44	1982	285	1013	6	24
RI	44	1983	336	1120	15	37
RI	44	1984	363	1188	14	33
RI	44	1985	362	1268	16	39
RI	44	1986	384	1312	13	46
RI	44	1987	393	1348	27	80
RI	44	1988	619	1782	62	124
RI	44	1989	761	2274	82	205
RI	44	1990	722	2226	82	205
RI	44	1991	843	2576	56	195
RI	44	1992	844	2594	47	181
RI	44	1993	835	2628	39	155
RI	44	1994	954	2769	35	150
RI	44	1995	964	2745	45	157
RI	44	1996	1096	3042	72	229
RI	44	1997	1119	3158	56	213
RI	44	1998	930	3210	62	235
RI	44	1999	831	2788	50	186
RI	44	2000	879	3048	57	240
RI	44	2001	1501	3048	107	193
RI	44	2002	911	3306	54	214
RI	44	2003	929	3305	41	222
RI	44	2004	894	3222	36	208
RI	44	2005	971	3423	44	231
RI	44	2006	1074	3716	61	280
RI	44	2007	1075	3736	44	282
RI	44	2008	1106	3802	45	243
RI	44	2009	1022	3444	40	230
RI	44	2010	922	3153	42	218
RI	44	2011	934	3064	34	175
RI	44	2012	904	3043	32	186
SC	45	1981	4771	8177	201	361
SC	45	1982	5124	8732	234	405
SC	45	1983	5414	9150	247	426
SC	45	1984	5627	9421	249	437
SC	45	1985	6032	10009	294	501
SC	45	1986	6489	11075	362	601
SC	45	1987	7242	12003	384	661
SC	45	1988	8131	13089	489	799
SC	45	1989	9361	14791	625	929
SC	45	1990	10598	16266	625	929
SC	45	1991	11410	17224	710	1045
SC	45	1992	11857	17516	740	1127
SC	45	1993	12151	17599	739	1105
SC	45	1994	12502	17977	672	1022
SC	45	1995	12931	18566	710	1045
SC	45	1996	13464	19244	795	1202
SC	45	1997	13893	19871	869	1302
SC	45	1998	14429	20703	910	1412
SC	45	1999	14269	20561	902	1447
SC	45	2000	14467	20358	849	1420
SC	45	2001	14439	21067	853	1509
SC	45	2002	15090	22044	926	1671
SC	45	2003	15085	22143	859	1576
SC	45	2004	14777	21866	800	1562
SC	45	2005	14451	21646	736	1514
SC	45	2006	14717	22013	774	1603
SC	45	2007	15078	22635	730	1604
SC	45	2008	15151	22693	735	1633
SC	45	2009	15151	22692	735	1633
SC	45	2010	14658	22105	638	1473
SC	45	2011	14241	21528	589	1386
SC	45	2012	13830	21051	568	1337
SD	46	1981	14	664	0	29
SD	46	1982	16	748	0	43
SD	46	1983	20	785	0	41
SD	46	1984	22	889	0	32
SD	46	1985	21	1008	1	39
SD	46	1986	28	1115	2	49
SD	46	1987	24	1080	2	53
SD	46	1988	28	974	3	46
SD	46	1989	32	1169	2	83
SD	46	1990	39	1264	2	83
SD	46	1991	31	1294	1	80
SD	46	1992	341	1408	28	79
SD	46	1993	47	1465	0	88
SD	46	1994	57	1605	3	103
SD	46	1995	63	1709	6	132
SD	46	1996	80	1922	7	141
SD	46	1997	93	2073	6	169
SD	46	1998	92	2219	5	203
SD	46	1999	84	2317	7	189
SD	46	2000	105	2416	2	200
SD	46	2001	111	2570	4	220
SD	46	2002	124	2691	4	227
SD	46	2003	125	2780	11	271
SD	46	2004	147	2803	12	292
SD	46	2005	180	3107	10	356
SD	46	2006	167	3009	8	350
SD	46	2007	178	2942	6	369
SD	46	2008	199	2987	11	355
SD	46	2009	201	3054	10	380
SD	46	2010	181	3023	6	411
SD	46	2011	195	3094	9	441
SD	46	2012	217	3227	10	423
TN	47	1981	3210	7502	136	395
TN	47	1982	3370	7489	145	380
TN	47	1983	3450	7803	176	398
TN	47	1984	3128	6988	109	314
TN	47	1985	3045	6825	108	302
TN	47	1986	3000	7178	142	413
TN	47	1987	3019	7224	137	400
TN	47	1988	2972	7330	156	402
TN	47	1989	4364	10159	155	471
TN	47	1990	4428	9998	155	471
TN	47	1991	5287	11015	216	459
TN	47	1992	5586	11321	230	528
TN	47	1993	5965	12316	217	508
TN	47	1994	6918	13814	251	587
TN	47	1995	7537	14569	261	637
TN	47	1996	7711	14938	262	688
TN	47	1997	8121	15861	316	798
TN	47	1998	8662	16852	331	886
TN	47	1999	11440	21134	602	1368
TN	47	2000	11108	20797	573	1369
TN	47	2001	11672	22203	591	1468
TN	47	2002	11915	23248	660	1741
TN	47	2003	11894	23596	630	1845
TN	47	2004	11944	23979	620	1905
TN	47	2005	11984	24347	627	2022
TN	47	2006	11639	23787	620	1958
TN	47	2007	11955	24344	604	1923
TN	47	2008	12286	25099	643	2129
TN	47	2009	12376	24956	600	2009
TN	47	2010	12425	25345	627	2106
TN	47	2011	12637	26070	656	2409
TN	47	2012	12538	26048	632	2363
TX	48	1981	12958	30050	774	1452
TX	48	1982	15046	34472	871	1677
TX	48	1983	14602	33789	723	1470
TX	48	1984	14837	34987	790	1695
TX	48	1985	14828	35938	720	1594
TX	48	1986	15207	36789	750	1745
TX	48	1987	15780	37279	652	1542
TX	48	1988	16956	38789	722	1648
TX	48	1989	19366	41953	948	2069
TX	48	1990	22634	47846	948	2069
TX	48	1991	23249	49186	1271	2491
TX	48	1992	27588	58691	1317	2487
TX	48	1993	29260	66320	2017	3807
TX	48	1994	40451	109356	2975	8839
TX	48	1995	55602	119831	4404	7935
TX	48	1996	55810	122450	5322	9933
TX	48	1997	58393	130051	5490	10300
TX	48	1998	59709	134178	5424	10332
TX	48	1999	64980	150688	6198	12502
TX	48	2000	61861	145752	5783	12245
TX	48	2001	62030	149701	5453	12369
TX	48	2002	60339	148952	5551	13051
TX	48	2003	60605	153424	5487	13487
TX	48	2004	59065	154147	5438	13958
TX	48	2005	59320	156537	5150	13951
TX	48	2006	59492	158317	4925	13799
TX	48	2007	58925	157859	4851	13931
TX	48	2008	59508	158653	4858	13853
TX	48	2009	58027	157679	4604	13570
TX	48	2010	57752	159298	4823	14351
TX	48	2011	57207	158036	4604	14188
TX	48	2012	54743	152823	4229	13549
UT	49	1981	99	1099	8	41
UT	49	1982	97	1169	8	47
UT	49	1983	116	1223	9	51
UT	49	1984	124	1433	14	67
UT	49	1985	142	1570	7	63
UT	49	1986	143	1774	5	71
UT	49	1987	161	1799	7	75
UT	49	1988	167	1872	7	89
UT	49	1989	196	2285	12	109
UT	49	1990	208	2371	12	109
UT	49	1991	207	2505	15	120
UT	49	1992	234	2575	18	124
UT	49	1993	230	2765	13	123
UT	49	1994	253	2914	19	131
UT	49	1995	278	3291	17	161
UT	49	1996	311	3761	17	211
UT	49	1997	318	4088	10	213
UT	49	1998	324	4173	22	280
UT	49	1999	390	5058	24	368
UT	49	2000	420	5250	30	382
UT	49	2001	407	5024	21	315
UT	49	2002	393	5192	17	373
UT	49	2003	366	5343	23	427
UT	49	2004	420	5482	24	508
UT	49	2005	418	5806	31	569
UT	49	2006	438	5813	38	618
UT	49	2007	427	5878	29	631
UT	49	2008	416	5906	29	640
UT	49	2009	442	5952	22	581
UT	49	2010	434	6199	20	608
UT	49	2011	435	6266	28	613
UT	49	2012	415	6323	19	639
VA	51	1981	5174	9040	202	348
VA	51	1982	5555	9715	222	364
VA	51	1983	5543	9712	222	381
VA	51	1984	6126	10406	282	433
VA	51	1985	6825	11604	286	469
VA	51	1986	7291	12442	290	488
VA	51	1987	7488	12822	286	499
VA	51	1988	8239	13596	341	588
VA	51	1989	9739	15683	523	794
VA	51	1990	10617	16666	523	794
VA	51	1991	12109	18789	660	1040
VA	51	1992	12896	20036	738	1163
VA	51	1993	14093	21631	793	1219
VA	51	1994	17002	25403	1024	1565
VA	51	1995	17403	25756	1113	1659
VA	51	1996	17436	25968	1103	1687
VA	51	1997	17859	26675	1111	1710
VA	51	1998	18888	28419	1162	1857
VA	51	1999	16158	27968	980	1967
VA	51	2000	18709	28109	1262	2059
VA	51	2001	19458	29422	1317	2240
VA	51	2002	19458	29422	1317	2240
VA	51	2003	20927	32386	1482	2681
VA	51	2004	21022	32858	1397	2706
VA	51	2005	20743	32718	1325	2660
VA	51	2006	21502	33864	1455	2903
VA	51	2007	22127	35055	1375	2929
VA	51	2008	22313	35249	1385	2967
VA	51	2009	22358	35304	1249	2777
VA	51	2010	21551	34570	1259	2840
VA	51	2011	21636	35321	1175	2809
VA	51	2012	21045	34362	1091	2682
VT	50	1981	10	519	0	15
VT	50	1982	-9	582	-9	17
VT	50	1983	0	488	0	9
VT	50	1984	0	503	0	12
VT	50	1985	0	660	0	17
VT	50	1986	-9	686	0	11
VT	50	1987	-9	745	0	14
VT	50	1988	-9	792	-9	28
VT	50	1989	-9	869	-9	36
VT	50	1990	-9	1013	-9	36
VT	50	1991	-9	1081	-9	37
VT	50	1992	-9	1208	-9	46
VT	50	1993	-9	1175	-9	48
VT	50	1994	29	1252	1	49
VT	50	1995	15	1235	0	44
VT	50	1996	14	1087	0	32
VT	50	1997	35	1217	1	53
VT	50	1998	45	1421	1	52
VT	50	1999	66	1477	2	59
VT	50	2000	75	1617	2	80
VT	50	2001	88	1646	6	95
VT	50	2002	99	1731	2	132
VT	50	2003	124	1809	3	135
VT	50	2004	128	1825	2	143
VT	50	2005	160	1926	6	152
VT	50	2006	206	2058	8	157
VT	50	2007	205	1987	8	158
VT	50	2008	187	1998	5	118
VT	50	2009	206	2065	13	155
VT	50	2010	199	1930	8	149
VT	50	2011	195	1905	7	148
VT	50	2012	187	1907	9	127
WA	53	1981	1042	5124	64	212
WA	53	1982	1158	6066	70	256
WA	53	1983	1211	6397	79	252
WA	53	1984	1214	6567	79	254
WA	53	1985	1218	6679	55	230
WA	53	1986	1182	6381	59	222
WA	53	1987	1129	5911	49	220
WA	53	1988	1225	5567	57	249
WA	53	1989	1315	6597	62	331
WA	53	1990	1489	7560	62	331
WA	53	1991	1810	8617	156	539
WA	53	1992	2036	9341	169	618
WA	53	1993	2096	9753	175	666
WA	53	1994	2278	10135	173	698
WA	53	1995	2500	10815	203	793
WA	53	1996	2694	11607	225	920
WA	53	1997	2742	12290	220	924
WA	53	1998	2997	13143	258	1018
WA	53	1999	3035	13479	252	1111
WA	53	2000	3052	13850	249	1065
WA	53	2001	3022	14080	228	1079
WA	53	2002	3245	14808	258	1254
WA	53	2003	3118	14860	232	1288
WA	53	2004	3159	15284	221	1330
WA	53	2005	3207	15927	217	1455
WA	53	2006	3207	16065	224	1496
WA	53	2007	3280	16258	242	1514
WA	53	2008	3209	16522	186	1404
WA	53	2009	3330	16836	197	1397
WA	53	2010	3259	16808	181	1427
WA	53	2011	3167	16452	172	1395
WA	53	2012	3041	15934	135	1337
WI	55	1981	1611	4247	78	169
WI	55	1982	1695	4473	94	197
WI	55	1983	1761	4650	97	215
WI	55	1984	1762	4684	91	218
WI	55	1985	1954	5190	118	252
WI	55	1986	2136	5415	137	282
WI	55	1987	2234	5796	138	301
WI	55	1988	2244	6071	119	282
WI	55	1989	2501	6485	145	303
WI	55	1990	2783	7017	145	303
WI	55	1991	3148	7506	177	343
WI	55	1992	3775	8519	186	393
WI	55	1993	3908	8394	203	387
WI	55	1994	4577	9610	223	412
WI	55	1995	5094	10697	277	502
WI	55	1996	5989	12346	333	645
WI	55	1997	7292	15290	496	987
WI	55	1998	8397	17414	619	1199
WI	55	1999	9127	19031	696	1386
WI	55	2000	8851	19260	628	1352
WI	55	2001	9443	20226	613	1307
WI	55	2002	7782	16868	612	1333
WI	55	2003	9385	20555	572	1337
WI	55	2004	10042	21583	577	1387
WI	55	2005	9481	21368	540	1352
WI	55	2006	10070	22005	555	1426
WI	55	2007	10125	22216	547	1527
WI	55	2008	9953	22023	447	1357
WI	55	2009	9540	21848	391	1305
WI	55	2010	9265	21460	345	1264
WI	55	2011	9195	21468	322	1186
WI	55	2012	8991	21375	350	1225
WV	54	1981	207	1528	11	37
WV	54	1982	226	1674	7	55
WV	54	1983	227	1558	18	66
WV	54	1984	220	1540	7	45
WV	54	1985	244	1668	16	57
WV	54	1986	201	1405	22	77
WV	54	1987	200	1392	21	69
WV	54	1988	199	1389	16	66
WV	54	1989	211	1463	10	73
WV	54	1990	215	1489	10	73
WV	54	1991	208	1432	10	70
WV	54	1992	239	1594	8	80
WV	54	1993	257	1726	12	79
WV	54	1994	274	1839	14	91
WV	54	1995	405	2383	22	129
WV	54	1996	416	2600	24	149
WV	54	1997	472	2962	30	186
WV	54	1998	520	3267	32	211
WV	54	1999	526	3293	38	239
WV	54	2000	598	3553	41	303
WV	54	2001	623	3869	52	346
WV	54	2002	635	4182	41	362
WV	54	2003	679	4353	46	405
WV	54	2004	668	4608	43	459
WV	54	2005	662	4832	45	480
WV	54	2006	749	5159	51	574
WV	54	2007	772	5422	58	634
WV	54	2008	765	5411	48	648
WV	54	2009	787	5683	50	684
WV	54	2010	799	5956	57	725
WV	54	2011	787	6074	53	752
WV	54	2012	766	6265	43	805
WY	56	1981	25	563	0	24
WY	56	1982	21	674	0	28
WY	56	1983	26	688	1	33
WY	56	1984	30	685	3	39
WY	56	1985	33	716	3	42
WY	56	1986	32	802	5	53
WY	56	1987	30	870	8	46
WY	56	1988	52	880	11	65
WY	56	1989	51	933	6	83
WY	56	1990	49	1022	6	83
WY	56	1991	48	1042	3	57
WY	56	1992	48	999	4	64
WY	56	1993	53	1063	6	66
WY	56	1994	55	1135	5	82
WY	56	1995	65	1289	8	106
WY	56	1996	73	1387	5	112
WY	56	1997	74	1413	8	136
WY	56	1998	69	1440	9	131
WY	56	1999	81	1571	4	142
WY	56	2000	93	1524	2	156
WY	56	2001	80	1549	3	135
WY	56	2002	91	1570	5	167
WY	56	2003	82	1697	6	175
WY	56	2004	86	1770	7	210
WY	56	2005	87	1825	7	222
WY	56	2006	93	1871	8	243
WY	56	2007	90	1838	8	246
WY	56	2008	99	1876	8	208
WY	56	2009	81	1861	6	214
WY	56	2010	91	1881	3	231
WY	56	2011	88	1944	5	239
WY	56	2012	100	1966	4	238
